ID,Prix,Quantite,Remise,CA_Brut,Montant_Remise,CA_Net,TVA,CA_TTC
101,10.85,19,5.0,206.15,10.31,195.84,39.17,235.01
102,23.91,19,20.0,454.29,90.86,363.43,72.69,436.12
103,76.2,14,10.0,1066.8,106.68,960.12,192.02,1152.14
104,18.43,2,10.0,36.86,3.69,33.17,6.63,39.81
105,38.07,9,0.0,342.63,0.0,342.63,68.53,411.16
106,34.92,6,0.0,209.52,0.0,209.52,41.9,251.42
107,21.35,1,0.0,21.35,0.0,21.35,4.27,25.62
108,35.98,10,20.0,359.8,71.96,287.84,57.57,345.41
109,27.13,4,15.0,108.52,16.28,92.24,18.45,110.69
110,69.17,18,15.0,1245.06,186.76,1058.3,211.66,1269.96
111,59.79,18,10.0,1076.22,107.62,968.6,193.72,1162.32
112,58.55,1,10.0,58.55,5.86,52.69,10.54,63.23
113,28.32,19,5.0,538.08,26.9,511.18,102.24,613.41
114,12.53,7,20.0,87.71,17.54,70.17,14.03,84.2
115,62.76,20,20.0,1255.2,251.04,1004.16,200.83,1204.99
116,17.56,10,5.0,175.6,8.78,166.82,33.36,200.18
117,45.69,5,15.0,228.45,34.27,194.18,38.84,233.02
118,96.87,12,0.0,1162.44,0.0,1162.44,232.49,1394.93
119,48.46,4,20.0,193.84,38.77,155.07,31.01,186.09
120,70.17,16,0.0,1122.72,0.0,1122.72,224.54,1347.26
121,99.67,1,5.0,99.67,4.98,94.69,18.94,113.62
122,29.64,19,20.0,563.16,112.63,450.53,90.11,540.63
123,35.24,19,0.0,669.56,0.0,669.56,133.91,803.47
124,76.43,11,0.0,840.73,0.0,840.73,168.15,1008.88
125,93.48,12,15.0,1121.76,168.26,953.5,190.7,1144.2
126,42.92,4,10.0,171.68,17.17,154.51,30.9,185.41
127,7.67,14,5.0,107.38,5.37,102.01,20.4,122.41
128,53.33,12,5.0,639.96,32.0,607.96,121.59,729.55
129,66.07,10,10.0,660.7,66.07,594.63,118.93,713.56
130,45.55,4,10.0,182.2,18.22,163.98,32.8,196.78
131,7.35,12,10.0,88.2,8.82,79.38,15.88,95.26
132,92.72,15,0.0,1390.8,0.0,1390.8,278.16,1668.96
133,33.05,12,10.0,396.6,39.66,356.94,71.39,428.33
134,87.01,20,20.0,1740.2,348.04,1392.16,278.43,1670.59
135,33.94,6,0.0,203.64,0.0,203.64,40.73,244.37
136,74.58,5,20.0,372.9,74.58,298.32,59.66,357.98
137,98.94,1,15.0,98.94,14.84,84.1,16.82,100.92
138,21.55,10,5.0,215.5,10.78,204.72,40.95,245.67
139,42.85,9,5.0,385.65,19.28,366.37,73.27,439.64
140,42.06,20,10.0,841.2,84.12,757.08,151.42,908.5
141,93.72,6,10.0,562.32,56.23,506.09,101.22,607.31
142,69.53,5,5.0,347.65,17.38,330.27,66.05,396.32
143,14.03,10,20.0,140.3,28.06,112.24,22.45,134.69
144,92.28,14,10.0,1291.92,129.19,1162.73,232.55,1395.27
145,31.72,20,20.0,634.4,126.88,507.52,101.5,609.02
146,42.06,12,20.0,504.72,100.94,403.78,80.76,484.53
147,68.99,19,10.0,1310.81,131.08,1179.73,235.95,1415.67
148,53.17,11,20.0,584.87,116.97,467.9,93.58,561.48
149,25.24,14,20.0,353.36,70.67,282.69,56.54,339.23
150,98.77,1,15.0,98.77,14.82,83.95,16.79,100.75
151,77.61,16,5.0,1241.76,62.09,1179.67,235.93,1415.61
152,48.75,13,20.0,633.75,126.75,507.0,101.4,608.4
153,52.38,15,5.0,785.7,39.29,746.42,149.28,895.7
154,15.45,6,5.0,92.7,4.63,88.06,17.61,105.68
155,77.66,11,10.0,854.26,85.43,768.83,153.77,922.6
156,77.9,2,5.0,155.8,7.79,148.01,29.6,177.61
157,59.31,3,15.0,177.93,26.69,151.24,30.25,181.49
158,14.45,14,0.0,202.3,0.0,202.3,40.46,242.76
159,69.82,5,10.0,349.1,34.91,314.19,62.84,377.03
160,40.55,3,5.0,121.65,6.08,115.57,23.11,138.68
161,12.46,14,15.0,174.44,26.17,148.27,29.65,177.93
162,85.51,14,10.0,1197.14,119.71,1077.43,215.49,1292.91
163,97.21,15,20.0,1458.15,291.63,1166.52,233.3,1399.82
164,14.26,8,20.0,114.08,22.82,91.26,18.25,109.52
165,48.07,20,5.0,961.4,48.07,913.33,182.67,1096.0
166,71.15,15,5.0,1067.25,53.36,1013.89,202.78,1216.66
167,11.26,19,10.0,213.94,21.39,192.55,38.51,231.06
168,34.82,10,0.0,348.2,0.0,348.2,69.64,417.84
169,66.44,1,0.0,66.44,0.0,66.44,13.29,79.73
170,69.31,19,0.0,1316.89,0.0,1316.89,263.38,1580.27
171,75.31,3,5.0,225.93,11.3,214.63,42.93,257.56
172,40.02,18,5.0,720.36,36.02,684.34,136.87,821.21
173,50.97,2,15.0,101.94,15.29,86.65,17.33,103.98
174,17.21,12,15.0,206.52,30.98,175.54,35.11,210.65
175,57.94,17,15.0,984.98,147.75,837.23,167.45,1004.68
176,36.9,5,10.0,184.5,18.45,166.05,33.21,199.26
177,57.24,2,20.0,114.48,22.9,91.58,18.32,109.9
178,47.76,17,20.0,811.92,162.38,649.54,129.91,779.44
179,23.72,14,20.0,332.08,66.42,265.66,53.13,318.8
180,10.7,9,20.0,96.3,19.26,77.04,15.41,92.45
181,82.12,4,15.0,328.48,49.27,279.21,55.84,335.05
182,32.81,13,5.0,426.53,21.33,405.2,81.04,486.24
183,54.51,15,10.0,817.65,81.77,735.88,147.18,883.06
184,41.21,10,5.0,412.1,20.61,391.5,78.3,469.79
185,13.34,3,5.0,40.02,2.0,38.02,7.6,45.62
186,50.17,15,10.0,752.55,75.26,677.3,135.46,812.75
187,39.52,15,15.0,592.8,88.92,503.88,100.78,604.66
188,56.94,19,0.0,1081.86,0.0,1081.86,216.37,1298.23
189,85.07,6,0.0,510.42,0.0,510.42,102.08,612.5
190,54.34,6,5.0,326.04,16.3,309.74,61.95,371.69
191,16.32,8,5.0,130.56,6.53,124.03,24.81,148.84
192,67.82,6,10.0,406.92,40.69,366.23,73.25,439.47
193,75.53,16,10.0,1208.48,120.85,1087.63,217.53,1305.16
194,12.21,2,20.0,24.42,4.88,19.54,3.91,23.44
195,25.77,2,20.0,51.54,10.31,41.23,8.25,49.48
196,64.61,2,15.0,129.22,19.38,109.84,21.97,131.8
197,43.36,15,5.0,650.4,32.52,617.88,123.58,741.46
198,84.29,11,15.0,927.19,139.08,788.11,157.62,945.73
199,29.59,20,15.0,591.8,88.77,503.03,100.61,603.64
200,13.85,11,10.0,152.35,15.23,137.12,27.42,164.54
201,16.69,5,20.0,83.45,16.69,66.76,13.35,80.11
202,22.75,2,0.0,45.5,0.0,45.5,9.1,54.6
203,18.26,5,15.0,91.3,13.7,77.61,15.52,93.13
204,94.43,1,20.0,94.43,18.89,75.54,15.11,90.65
205,63.89,11,15.0,702.79,105.42,597.37,119.47,716.85
206,36.23,16,10.0,579.68,57.97,521.71,104.34,626.05
207,84.7,1,15.0,84.7,12.71,72.0,14.4,86.39
208,89.16,10,20.0,891.6,178.32,713.28,142.66,855.94
209,45.65,6,15.0,273.9,41.08,232.81,46.56,279.38
210,23.43,9,15.0,210.87,31.63,179.24,35.85,215.09
211,87.31,12,20.0,1047.72,209.54,838.18,167.64,1005.81
212,5.63,17,10.0,95.71,9.57,86.14,17.23,103.37
213,63.54,12,0.0,762.48,0.0,762.48,152.5,914.98
214,76.35,20,15.0,1527.0,229.05,1297.95,259.59,1557.54
215,21.09,10,0.0,210.9,0.0,210.9,42.18,253.08
216,61.06,2,5.0,122.12,6.11,116.01,23.2,139.22
217,71.81,7,20.0,502.67,100.53,402.14,80.43,482.56
218,46.67,11,0.0,513.37,0.0,513.37,102.67,616.04
219,36.11,7,0.0,252.77,0.0,252.77,50.55,303.32
220,54.38,14,20.0,761.32,152.26,609.06,121.81,730.87
221,20.94,18,20.0,376.92,75.38,301.54,60.31,361.84
222,44.71,19,20.0,849.49,169.9,679.59,135.92,815.51
223,60.06,19,10.0,1141.14,114.11,1027.03,205.41,1232.43
224,50.1,5,10.0,250.5,25.05,225.45,45.09,270.54
225,44.72,10,0.0,447.2,0.0,447.2,89.44,536.64
226,42.44,4,0.0,169.76,0.0,169.76,33.95,203.71
227,39.52,4,15.0,158.08,23.71,134.37,26.87,161.24
228,77.37,18,0.0,1392.66,0.0,1392.66,278.53,1671.19
229,75.12,8,0.0,600.96,0.0,600.96,120.19,721.15
230,33.94,15,5.0,509.1,25.45,483.64,96.73,580.37
231,47.41,1,5.0,47.41,2.37,45.04,9.01,54.05
232,57.43,20,10.0,1148.6,114.86,1033.74,206.75,1240.49
233,34.26,16,0.0,548.16,0.0,548.16,109.63,657.79
234,85.98,19,15.0,1633.62,245.04,1388.58,277.72,1666.29
235,36.66,14,15.0,513.24,76.99,436.25,87.25,523.5
236,16.34,4,0.0,65.36,0.0,65.36,13.07,78.43
237,99.49,6,15.0,596.94,89.54,507.4,101.48,608.88
238,19.68,2,15.0,39.36,5.9,33.46,6.69,40.15
239,22.09,4,20.0,88.36,17.67,70.69,14.14,84.83
240,10.43,7,0.0,73.01,0.0,73.01,14.6,87.61
241,34.05,4,20.0,136.2,27.24,108.96,21.79,130.75
242,84.26,6,15.0,505.56,75.83,429.73,85.95,515.67
243,13.43,10,5.0,134.3,6.72,127.59,25.52,153.1
244,23.42,17,5.0,398.14,19.91,378.23,75.65,453.88
245,34.2,16,15.0,547.2,82.08,465.12,93.02,558.14
246,96.88,12,20.0,1162.56,232.51,930.05,186.01,1116.06
247,24.81,13,5.0,322.53,16.13,306.4,61.28,367.68
248,21.58,19,10.0,410.02,41.0,369.02,73.8,442.82
249,58.57,5,10.0,292.85,29.29,263.56,52.71,316.28
250,9.0,4,15.0,36.0,5.4,30.6,6.12,36.72
251,93.16,13,5.0,1211.08,60.55,1150.53,230.11,1380.63
252,26.79,15,5.0,401.85,20.09,381.76,76.35,458.11
253,8.25,9,5.0,74.25,3.71,70.54,14.11,84.64
254,99.77,2,0.0,199.54,0.0,199.54,39.91,239.45
255,5.46,17,5.0,92.82,4.64,88.18,17.64,105.81
256,5.72,5,10.0,28.6,2.86,25.74,5.15,30.89
257,53.51,10,5.0,535.1,26.76,508.35,101.67,610.01
258,53.03,17,10.0,901.51,90.15,811.36,162.27,973.63
259,45.1,4,5.0,180.4,9.02,171.38,34.28,205.66
260,80.77,16,0.0,1292.32,0.0,1292.32,258.46,1550.78
261,70.99,12,0.0,851.88,0.0,851.88,170.38,1022.26
262,63.02,16,10.0,1008.32,100.83,907.49,181.5,1088.99
263,13.06,12,20.0,156.72,31.34,125.38,25.08,150.45
264,41.31,12,15.0,495.72,74.36,421.36,84.27,505.63
265,66.09,19,20.0,1255.71,251.14,1004.57,200.91,1205.48
266,92.55,1,5.0,92.55,4.63,87.92,17.58,105.51
267,14.13,6,5.0,84.78,4.24,80.54,16.11,96.65
268,63.29,14,0.0,886.06,0.0,886.06,177.21,1063.27
269,38.15,8,15.0,305.2,45.78,259.42,51.88,311.3
270,17.51,2,20.0,35.02,7.0,28.02,5.6,33.62
271,63.6,6,20.0,381.6,76.32,305.28,61.06,366.34
272,98.37,14,10.0,1377.18,137.72,1239.46,247.89,1487.35
273,35.71,20,20.0,714.2,142.84,571.36,114.27,685.63
274,32.79,18,20.0,590.22,118.04,472.18,94.44,566.61
275,67.19,7,10.0,470.33,47.03,423.3,84.66,507.96
276,51.86,18,20.0,933.48,186.7,746.78,149.36,896.14
277,81.99,9,20.0,737.91,147.58,590.33,118.07,708.39
278,94.76,15,5.0,1421.4,71.07,1350.33,270.07,1620.4
279,81.61,8,5.0,652.88,32.64,620.24,124.05,744.28
280,83.03,2,5.0,166.06,8.3,157.76,31.55,189.31
281,43.73,8,0.0,349.84,0.0,349.84,69.97,419.81
282,83.13,6,20.0,498.78,99.76,399.02,79.8,478.83
283,34.17,19,0.0,649.23,0.0,649.23,129.85,779.08
284,97.83,6,5.0,586.98,29.35,557.63,111.53,669.16
285,23.87,6,5.0,143.22,7.16,136.06,27.21,163.27
286,7.99,12,0.0,95.88,0.0,95.88,19.18,115.06
287,33.85,13,10.0,440.05,44.01,396.05,79.21,475.25
288,40.71,18,20.0,732.78,146.56,586.22,117.24,703.47
289,81.52,15,20.0,1222.8,244.56,978.24,195.65,1173.89
290,83.08,5,20.0,415.4,83.08,332.32,66.46,398.78
291,42.69,12,0.0,512.28,0.0,512.28,102.46,614.74
292,80.2,19,0.0,1523.8,0.0,1523.8,304.76,1828.56
293,32.76,3,15.0,98.28,14.74,83.54,16.71,100.25
294,40.42,14,20.0,565.88,113.18,452.7,90.54,543.24
295,24.15,5,15.0,120.75,18.11,102.64,20.53,123.17
296,38.67,14,5.0,541.38,27.07,514.31,102.86,617.17
297,17.02,15,0.0,255.3,0.0,255.3,51.06,306.36
298,54.73,5,5.0,273.65,13.68,259.97,51.99,311.96
299,31.51,20,5.0,630.2,31.51,598.69,119.74,718.43
300,29.43,14,10.0,412.02,41.2,370.82,74.16,444.98
301,34.57,20,0.0,691.4,0.0,691.4,138.28,829.68
302,99.66,3,10.0,298.98,29.9,269.08,53.82,322.9
303,6.75,15,20.0,101.25,20.25,81.0,16.2,97.2
304,39.5,2,10.0,79.0,7.9,71.1,14.22,85.32
305,38.18,5,20.0,190.9,38.18,152.72,30.54,183.26
306,50.54,6,20.0,303.24,60.65,242.59,48.52,291.11
307,36.63,9,15.0,329.67,49.45,280.22,56.04,336.26
308,38.01,16,15.0,608.16,91.22,516.94,103.39,620.32
309,86.05,10,0.0,860.5,0.0,860.5,172.1,1032.6
310,31.21,2,15.0,62.42,9.36,53.06,10.61,63.67
311,94.28,14,20.0,1319.92,263.98,1055.94,211.19,1267.12
312,28.96,16,5.0,463.36,23.17,440.19,88.04,528.23
313,25.68,1,5.0,25.68,1.28,24.4,4.88,29.28
314,18.25,2,5.0,36.5,1.83,34.67,6.93,41.61
315,63.99,2,5.0,127.98,6.4,121.58,24.32,145.9
316,37.09,17,0.0,630.53,0.0,630.53,126.11,756.64
317,12.97,5,15.0,64.85,9.73,55.12,11.02,66.15
318,30.55,2,20.0,61.1,12.22,48.88,9.78,58.66
319,59.4,10,10.0,594.0,59.4,534.6,106.92,641.52
320,68.22,2,20.0,136.44,27.29,109.15,21.83,130.98
321,95.65,10,15.0,956.5,143.47,813.02,162.61,975.63
322,47.72,10,5.0,477.2,23.86,453.34,90.67,544.01
323,78.64,3,15.0,235.92,35.39,200.53,40.11,240.64
324,72.68,16,20.0,1162.88,232.58,930.3,186.06,1116.36
325,39.99,4,5.0,159.96,8.0,151.96,30.39,182.35
326,53.34,16,0.0,853.44,0.0,853.44,170.69,1024.13
327,83.2,8,20.0,665.6,133.12,532.48,106.5,638.98
328,32.7,15,10.0,490.5,49.05,441.45,88.29,529.74
329,79.64,12,20.0,955.68,191.14,764.54,152.91,917.45
330,77.11,17,20.0,1310.87,262.17,1048.7,209.74,1258.44
331,67.7,7,20.0,473.9,94.78,379.12,75.82,454.94
332,98.11,9,10.0,882.99,88.3,794.69,158.94,953.63
333,32.92,15,5.0,493.8,24.69,469.11,93.82,562.93
334,7.93,12,5.0,95.16,4.76,90.4,18.08,108.48
335,62.48,4,15.0,249.92,37.49,212.43,42.49,254.92
336,63.35,15,5.0,950.25,47.51,902.74,180.55,1083.28
337,59.0,20,0.0,1180.0,0.0,1180.0,236.0,1416.0
338,51.7,15,20.0,775.5,155.1,620.4,124.08,744.48
339,68.8,20,0.0,1376.0,0.0,1376.0,275.2,1651.2
340,62.79,11,10.0,690.69,69.07,621.62,124.32,745.95
341,70.92,17,20.0,1205.64,241.13,964.51,192.9,1157.41
342,55.6,12,15.0,667.2,100.08,567.12,113.42,680.54
343,85.01,5,10.0,425.05,42.51,382.55,76.51,459.05
344,11.57,1,0.0,11.57,0.0,11.57,2.31,13.88
345,17.74,6,20.0,106.44,21.29,85.15,17.03,102.18
346,91.93,20,0.0,1838.6,0.0,1838.6,367.72,2206.32
347,24.03,20,20.0,480.6,96.12,384.48,76.9,461.38
348,35.86,20,5.0,717.2,35.86,681.34,136.27,817.61
349,25.87,3,0.0,77.61,0.0,77.61,15.52,93.13
350,12.64,4,5.0,50.56,2.53,48.03,9.61,57.64
351,73.63,14,10.0,1030.82,103.08,927.74,185.55,1113.29
352,92.94,6,5.0,557.64,27.88,529.76,105.95,635.71
353,78.02,2,5.0,156.04,7.8,148.24,29.65,177.89
354,49.53,17,15.0,842.01,126.3,715.71,143.14,858.85
355,73.87,9,20.0,664.83,132.97,531.86,106.37,638.24
356,79.85,3,0.0,239.55,0.0,239.55,47.91,287.46
357,50.9,15,15.0,763.5,114.52,648.98,129.8,778.77
358,63.96,12,15.0,767.52,115.13,652.39,130.48,782.87
359,11.56,6,10.0,69.36,6.94,62.42,12.48,74.91
360,77.56,15,20.0,1163.4,232.68,930.72,186.14,1116.86
361,5.19,18,20.0,93.42,18.68,74.74,14.95,89.68
362,13.43,7,20.0,94.01,18.8,75.21,15.04,90.25
363,32.72,8,20.0,261.76,52.35,209.41,41.88,251.29
364,5.18,20,5.0,103.6,5.18,98.42,19.68,118.1
365,92.12,18,15.0,1658.16,248.72,1409.44,281.89,1691.32
366,67.98,7,10.0,475.86,47.59,428.27,85.65,513.93
367,10.97,19,15.0,208.43,31.26,177.17,35.43,212.6
368,44.09,13,10.0,573.17,57.32,515.85,103.17,619.02
369,88.51,5,20.0,442.55,88.51,354.04,70.81,424.85
370,59.22,8,5.0,473.76,23.69,450.07,90.01,540.09
371,43.33,19,10.0,823.27,82.33,740.94,148.19,889.13
372,87.28,13,20.0,1134.64,226.93,907.71,181.54,1089.25
373,20.15,9,5.0,181.35,9.07,172.28,34.46,206.74
374,39.62,5,0.0,198.1,0.0,198.1,39.62,237.72
375,51.89,18,20.0,934.02,186.8,747.22,149.44,896.66
376,85.65,20,15.0,1713.0,256.95,1456.05,291.21,1747.26
377,14.74,19,15.0,280.06,42.01,238.05,47.61,285.66
378,86.77,7,0.0,607.39,0.0,607.39,121.48,728.87
379,88.57,5,15.0,442.85,66.43,376.42,75.28,451.71
380,79.3,1,5.0,79.3,3.96,75.33,15.07,90.4
381,56.59,14,0.0,792.26,0.0,792.26,158.45,950.71
382,92.97,9,20.0,836.73,167.35,669.38,133.88,803.26
383,49.42,2,15.0,98.84,14.83,84.01,16.8,100.82
384,27.1,13,0.0,352.3,0.0,352.3,70.46,422.76
385,13.09,4,20.0,52.36,10.47,41.89,8.38,50.27
386,45.99,1,20.0,45.99,9.2,36.79,7.36,44.15
387,81.65,6,20.0,489.9,97.98,391.92,78.38,470.3
388,8.7,16,15.0,139.2,20.88,118.32,23.66,141.98
389,30.26,19,5.0,574.94,28.75,546.19,109.24,655.43
390,92.71,10,5.0,927.1,46.35,880.74,176.15,1056.89
391,74.96,18,15.0,1349.28,202.39,1146.89,229.38,1376.27
392,53.09,15,20.0,796.35,159.27,637.08,127.42,764.5
393,49.64,7,5.0,347.48,17.37,330.11,66.02,396.13
394,8.98,1,10.0,8.98,0.9,8.08,1.62,9.7
395,24.86,11,0.0,273.46,0.0,273.46,54.69,328.15
396,44.17,20,10.0,883.4,88.34,795.06,159.01,954.07
397,32.63,18,0.0,587.34,0.0,587.34,117.47,704.81
398,76.51,11,5.0,841.61,42.08,799.53,159.91,959.44
399,42.71,9,10.0,384.39,38.44,345.95,69.19,415.14
400,19.75,11,5.0,217.25,10.86,206.39,41.28,247.66
401,47.07,4,5.0,188.28,9.41,178.87,35.77,214.64
402,59.99,4,5.0,239.96,12.0,227.96,45.59,273.55
403,92.04,13,15.0,1196.52,179.48,1017.04,203.41,1220.45
404,25.99,16,5.0,415.84,20.79,395.05,79.01,474.06
405,60.39,13,5.0,785.07,39.25,745.82,149.16,894.98
406,88.4,4,20.0,353.6,70.72,282.88,56.58,339.46
407,23.45,2,10.0,46.9,4.69,42.21,8.44,50.65
408,51.16,18,10.0,920.88,92.09,828.79,165.76,994.55
409,21.56,14,5.0,301.84,15.09,286.75,57.35,344.1
410,81.74,13,5.0,1062.62,53.13,1009.49,201.9,1211.39
411,13.17,17,15.0,223.89,33.58,190.31,38.06,228.37
412,97.57,3,20.0,292.71,58.54,234.17,46.83,281.0
413,41.38,1,5.0,41.38,2.07,39.31,7.86,47.17
414,89.31,18,5.0,1607.58,80.38,1527.2,305.44,1832.64
415,83.42,4,0.0,333.68,0.0,333.68,66.74,400.42
416,5.47,10,5.0,54.7,2.73,51.96,10.39,62.36
417,9.41,14,15.0,131.74,19.76,111.98,22.4,134.37
418,85.75,12,10.0,1029.0,102.9,926.1,185.22,1111.32
419,41.81,6,5.0,250.86,12.54,238.32,47.66,285.98
420,30.64,7,20.0,214.48,42.9,171.58,34.32,205.9
421,24.07,18,5.0,433.26,21.66,411.6,82.32,493.92
422,77.67,4,5.0,310.68,15.53,295.15,59.03,354.18
423,15.94,16,20.0,255.04,51.01,204.03,40.81,244.84
424,36.74,9,10.0,330.66,33.07,297.59,59.52,357.11
425,36.61,8,5.0,292.88,14.64,278.24,55.65,333.88
426,78.13,14,10.0,1093.82,109.38,984.44,196.89,1181.33
427,28.83,12,0.0,345.96,0.0,345.96,69.19,415.15
428,84.38,18,5.0,1518.84,75.94,1442.9,288.58,1731.48
429,83.55,13,20.0,1086.15,217.23,868.92,173.78,1042.7
430,52.44,6,0.0,314.64,0.0,314.64,62.93,377.57
431,92.62,11,5.0,1018.82,50.94,967.88,193.58,1161.45
432,28.14,19,5.0,534.66,26.73,507.93,101.59,609.51
433,24.17,5,0.0,120.85,0.0,120.85,24.17,145.02
434,71.12,16,5.0,1137.92,56.9,1081.02,216.2,1297.23
435,59.16,20,20.0,1183.2,236.64,946.56,189.31,1135.87
436,34.08,14,10.0,477.12,47.71,429.41,85.88,515.29
437,69.92,5,10.0,349.6,34.96,314.64,62.93,377.57
438,46.65,1,0.0,46.65,0.0,46.65,9.33,55.98
439,36.8,14,5.0,515.2,25.76,489.44,97.89,587.33
440,31.26,2,10.0,62.52,6.25,56.27,11.25,67.52
441,93.51,11,5.0,1028.61,51.43,977.18,195.44,1172.62
442,70.04,17,0.0,1190.68,0.0,1190.68,238.14,1428.82
443,20.78,11,10.0,228.58,22.86,205.72,41.14,246.87
444,99.22,14,10.0,1389.08,138.91,1250.17,250.03,1500.21
445,44.65,5,0.0,223.25,0.0,223.25,44.65,267.9
446,95.63,15,15.0,1434.45,215.17,1219.28,243.86,1463.14
447,59.19,7,20.0,414.33,82.87,331.46,66.29,397.76
448,80.17,4,10.0,320.68,32.07,288.61,57.72,346.33
449,49.47,1,0.0,49.47,0.0,49.47,9.89,59.36
450,51.06,1,20.0,51.06,10.21,40.85,8.17,49.02
451,23.25,16,5.0,372.0,18.6,353.4,70.68,424.08
452,85.07,20,20.0,1701.4,340.28,1361.12,272.22,1633.34
453,97.37,12,15.0,1168.44,175.27,993.17,198.63,1191.81
454,65.59,20,5.0,1311.8,65.59,1246.21,249.24,1495.45
455,46.99,15,10.0,704.85,70.48,634.37,126.87,761.24
456,34.95,11,20.0,384.45,76.89,307.56,61.51,369.07
457,50.56,6,5.0,303.36,15.17,288.19,57.64,345.83
458,67.88,3,5.0,203.64,10.18,193.46,38.69,232.15
459,92.87,11,10.0,1021.57,102.16,919.41,183.88,1103.3
460,41.15,6,0.0,246.9,0.0,246.9,49.38,296.28
461,70.78,8,5.0,566.24,28.31,537.93,107.59,645.51
462,16.33,1,15.0,16.33,2.45,13.88,2.78,16.66
463,10.85,6,5.0,65.1,3.25,61.84,12.37,74.21
464,98.03,12,10.0,1176.36,117.64,1058.72,211.74,1270.47
465,13.89,13,20.0,180.57,36.11,144.46,28.89,173.35
466,48.69,2,0.0,97.38,0.0,97.38,19.48,116.86
467,7.0,5,10.0,35.0,3.5,31.5,6.3,37.8
468,17.11,10,10.0,171.1,17.11,153.99,30.8,184.79
469,84.34,1,5.0,84.34,4.22,80.12,16.02,96.15
470,22.93,16,0.0,366.88,0.0,366.88,73.38,440.26
471,27.23,9,5.0,245.07,12.25,232.82,46.56,279.38
472,57.23,6,15.0,343.38,51.51,291.87,58.37,350.25
473,46.23,20,5.0,924.6,46.23,878.37,175.67,1054.04
474,62.17,13,20.0,808.21,161.64,646.57,129.31,775.88
475,22.93,7,10.0,160.51,16.05,144.46,28.89,173.35
476,19.22,5,15.0,96.1,14.41,81.69,16.34,98.02
477,29.22,15,10.0,438.3,43.83,394.47,78.89,473.36
478,80.06,18,15.0,1441.08,216.16,1224.92,244.98,1469.9
479,22.16,16,20.0,354.56,70.91,283.65,56.73,340.38
480,53.65,19,20.0,1019.35,203.87,815.48,163.1,978.58
481,65.03,1,15.0,65.03,9.75,55.28,11.06,66.33
482,97.64,7,0.0,683.48,0.0,683.48,136.7,820.18
483,57.99,3,5.0,173.97,8.7,165.27,33.05,198.33
484,44.49,2,10.0,88.98,8.9,80.08,16.02,96.1
485,5.33,3,20.0,15.99,3.2,12.79,2.56,15.35
486,39.83,8,5.0,318.64,15.93,302.71,60.54,363.25
487,76.75,4,15.0,307.0,46.05,260.95,52.19,313.14
488,61.08,13,5.0,794.04,39.7,754.34,150.87,905.21
489,77.07,17,15.0,1310.19,196.53,1113.66,222.73,1336.39
490,5.02,9,10.0,45.18,4.52,40.66,8.13,48.79
491,44.2,6,20.0,265.2,53.04,212.16,42.43,254.59
492,25.77,19,20.0,489.63,97.93,391.7,78.34,470.04
493,35.94,8,0.0,287.52,0.0,287.52,57.5,345.02
494,17.64,18,10.0,317.52,31.75,285.77,57.15,342.92
495,98.91,18,15.0,1780.38,267.06,1513.32,302.66,1815.99
496,30.69,12,20.0,368.28,73.66,294.62,58.92,353.55
497,59.11,3,15.0,177.33,26.6,150.73,30.15,180.88
498,30.57,12,10.0,366.84,36.68,330.16,66.03,396.19
499,63.6,8,0.0,508.8,0.0,508.8,101.76,610.56
500,61.56,3,10.0,184.68,18.47,166.21,33.24,199.45
501,79.13,10,0.0,791.3,0.0,791.3,158.26,949.56
502,88.99,9,0.0,800.91,0.0,800.91,160.18,961.09
503,61.97,9,20.0,557.73,111.55,446.18,89.24,535.42
504,72.42,11,10.0,796.62,79.66,716.96,143.39,860.35
505,92.92,5,0.0,464.6,0.0,464.6,92.92,557.52
506,16.48,15,10.0,247.2,24.72,222.48,44.5,266.98
507,27.75,7,20.0,194.25,38.85,155.4,31.08,186.48
508,17.27,1,15.0,17.27,2.59,14.68,2.94,17.62
509,90.09,20,15.0,1801.8,270.27,1531.53,306.31,1837.84
510,23.85,16,10.0,381.6,38.16,343.44,68.69,412.13
511,56.54,7,5.0,395.78,19.79,375.99,75.2,451.19
512,15.62,19,15.0,296.78,44.52,252.26,50.45,302.72
513,31.16,7,5.0,218.12,10.91,207.21,41.44,248.66
514,97.13,16,10.0,1554.08,155.41,1398.67,279.73,1678.41
515,46.35,1,15.0,46.35,6.95,39.4,7.88,47.28
516,25.46,1,10.0,25.46,2.55,22.91,4.58,27.5
517,60.13,5,10.0,300.65,30.07,270.59,54.12,324.7
518,8.84,4,15.0,35.36,5.3,30.06,6.01,36.07
519,90.88,12,5.0,1090.56,54.53,1036.03,207.21,1243.24
520,9.72,2,10.0,19.44,1.94,17.5,3.5,21.0
521,24.97,10,15.0,249.7,37.45,212.25,42.45,254.69
522,39.03,1,20.0,39.03,7.81,31.22,6.24,37.47
523,23.09,5,5.0,115.45,5.77,109.68,21.94,131.61
524,78.27,3,10.0,234.81,23.48,211.33,42.27,253.59
525,57.44,12,5.0,689.28,34.46,654.82,130.96,785.78
526,9.31,15,20.0,139.65,27.93,111.72,22.34,134.06
527,75.48,10,0.0,754.8,0.0,754.8,150.96,905.76
528,44.56,6,0.0,267.36,0.0,267.36,53.47,320.83
529,82.12,7,0.0,574.84,0.0,574.84,114.97,689.81
530,51.78,5,5.0,258.9,12.95,245.95,49.19,295.15
531,97.43,3,20.0,292.29,58.46,233.83,46.77,280.6
532,93.58,12,0.0,1122.96,0.0,1122.96,224.59,1347.55
533,64.14,10,0.0,641.4,0.0,641.4,128.28,769.68
534,20.96,9,20.0,188.64,37.73,150.91,30.18,181.09
535,88.2,12,10.0,1058.4,105.84,952.56,190.51,1143.07
536,18.02,19,15.0,342.38,51.36,291.02,58.2,349.23
537,63.96,12,20.0,767.52,153.5,614.02,122.8,736.82
538,28.59,7,20.0,200.13,40.03,160.1,32.02,192.12
539,52.37,7,0.0,366.59,0.0,366.59,73.32,439.91
540,70.63,12,15.0,847.56,127.13,720.43,144.09,864.51
541,44.81,12,10.0,537.72,53.77,483.95,96.79,580.74
542,37.63,6,0.0,225.78,0.0,225.78,45.16,270.94
543,26.61,14,10.0,372.54,37.25,335.29,67.06,402.34
544,38.29,11,15.0,421.19,63.18,358.01,71.6,429.61
545,94.18,10,15.0,941.8,141.27,800.53,160.11,960.64
546,77.18,12,10.0,926.16,92.62,833.54,166.71,1000.25
547,84.31,18,0.0,1517.58,0.0,1517.58,303.52,1821.1
548,89.54,17,10.0,1522.18,152.22,1369.96,273.99,1643.95
549,50.76,20,20.0,1015.2,203.04,812.16,162.43,974.59
550,32.95,15,0.0,494.25,0.0,494.25,98.85,593.1
551,41.06,3,10.0,123.18,12.32,110.86,22.17,133.03
552,97.49,1,15.0,97.49,14.62,82.87,16.57,99.44
553,90.71,5,0.0,453.55,0.0,453.55,90.71,544.26
554,35.11,4,15.0,140.44,21.07,119.37,23.87,143.25
555,77.02,8,15.0,616.16,92.42,523.74,104.75,628.48
556,33.97,13,10.0,441.61,44.16,397.45,79.49,476.94
557,88.83,1,0.0,88.83,0.0,88.83,17.77,106.6
558,61.61,14,20.0,862.54,172.51,690.03,138.01,828.04
559,88.25,2,15.0,176.5,26.47,150.03,30.01,180.03
560,15.83,15,15.0,237.45,35.62,201.83,40.37,242.2
561,17.4,6,0.0,104.4,0.0,104.4,20.88,125.28
562,65.98,20,5.0,1319.6,65.98,1253.62,250.72,1504.34
563,60.85,2,20.0,121.7,24.34,97.36,19.47,116.83
564,76.68,15,15.0,1150.2,172.53,977.67,195.53,1173.2
565,22.03,12,20.0,264.36,52.87,211.49,42.3,253.79
566,89.02,1,10.0,89.02,8.9,80.12,16.02,96.14
567,71.77,17,15.0,1220.09,183.01,1037.08,207.42,1244.49
568,8.8,12,20.0,105.6,21.12,84.48,16.9,101.38
569,58.73,4,5.0,234.92,11.75,223.17,44.63,267.81
570,7.21,20,10.0,144.2,14.42,129.78,25.96,155.74
571,23.97,1,15.0,23.97,3.6,20.37,4.07,24.45
572,84.83,8,5.0,678.64,33.93,644.71,128.94,773.65
573,48.79,12,5.0,585.48,29.27,556.21,111.24,667.45
574,29.15,18,0.0,524.7,0.0,524.7,104.94,629.64
575,38.15,4,20.0,152.6,30.52,122.08,24.42,146.5
576,91.39,17,15.0,1553.63,233.04,1320.59,264.12,1584.7
577,84.57,8,0.0,676.56,0.0,676.56,135.31,811.87
578,48.52,10,20.0,485.2,97.04,388.16,77.63,465.79
579,95.2,17,5.0,1618.4,80.92,1537.48,307.5,1844.98
580,99.89,17,15.0,1698.13,254.72,1443.41,288.68,1732.09
581,23.54,12,15.0,282.48,42.37,240.11,48.02,288.13
582,58.44,17,20.0,993.48,198.7,794.78,158.96,953.74
583,34.88,1,20.0,34.88,6.98,27.9,5.58,33.48
584,89.49,19,0.0,1700.31,0.0,1700.31,340.06,2040.37
585,53.77,6,5.0,322.62,16.13,306.49,61.3,367.79
586,23.87,8,20.0,190.96,38.19,152.77,30.55,183.32
587,56.88,15,5.0,853.2,42.66,810.54,162.11,972.65
588,71.95,6,15.0,431.7,64.76,366.95,73.39,440.33
589,88.53,12,20.0,1062.36,212.47,849.89,169.98,1019.87
590,94.8,10,10.0,948.0,94.8,853.2,170.64,1023.84
591,76.26,11,15.0,838.86,125.83,713.03,142.61,855.64
592,68.89,12,20.0,826.68,165.34,661.34,132.27,793.61
593,76.53,10,5.0,765.3,38.27,727.03,145.41,872.44
594,5.51,5,5.0,27.55,1.38,26.17,5.23,31.41
595,44.57,3,0.0,133.71,0.0,133.71,26.74,160.45
596,15.28,17,5.0,259.76,12.99,246.77,49.35,296.13
597,20.71,20,5.0,414.2,20.71,393.49,78.7,472.19
598,14.74,19,10.0,280.06,28.01,252.05,50.41,302.46
599,70.3,6,20.0,421.8,84.36,337.44,67.49,404.93
600,67.54,19,15.0,1283.26,192.49,1090.77,218.15,1308.93
601,30.13,16,15.0,482.08,72.31,409.77,81.95,491.72
602,45.93,11,0.0,505.23,0.0,505.23,101.05,606.28
603,68.12,11,5.0,749.32,37.47,711.85,142.37,854.22
604,91.3,2,10.0,182.6,18.26,164.34,32.87,197.21
605,73.01,20,5.0,1460.2,73.01,1387.19,277.44,1664.63
606,97.7,10,10.0,977.0,97.7,879.3,175.86,1055.16
607,95.48,6,0.0,572.88,0.0,572.88,114.58,687.46
608,20.35,6,15.0,122.1,18.32,103.79,20.76,124.54
609,50.32,5,5.0,251.6,12.58,239.02,47.8,286.82
610,86.37,4,0.0,345.48,0.0,345.48,69.1,414.58
611,60.95,15,0.0,914.25,0.0,914.25,182.85,1097.1
612,10.06,6,0.0,60.36,0.0,60.36,12.07,72.43
613,37.56,8,20.0,300.48,60.1,240.38,48.08,288.46
614,45.71,14,5.0,639.94,32.0,607.94,121.59,729.53
615,87.77,4,0.0,351.08,0.0,351.08,70.22,421.3
616,30.62,9,20.0,275.58,55.12,220.46,44.09,264.56
617,30.02,16,0.0,480.32,0.0,480.32,96.06,576.38
618,41.49,2,15.0,82.98,12.45,70.53,14.11,84.64
619,51.62,12,5.0,619.44,30.97,588.47,117.69,706.16
620,89.68,8,10.0,717.44,71.74,645.7,129.14,774.84
621,72.5,15,20.0,1087.5,217.5,870.0,174.0,1044.0
622,64.19,10,10.0,641.9,64.19,577.71,115.54,693.25
623,39.88,7,15.0,279.16,41.87,237.29,47.46,284.74
624,22.79,5,10.0,113.95,11.39,102.55,20.51,123.07
625,29.53,7,5.0,206.71,10.34,196.37,39.27,235.65
626,53.24,2,0.0,106.48,0.0,106.48,21.3,127.78
627,18.75,10,20.0,187.5,37.5,150.0,30.0,180.0
628,25.94,7,20.0,181.58,36.32,145.26,29.05,174.32
629,83.25,14,5.0,1165.5,58.28,1107.22,221.44,1328.67
630,56.16,5,15.0,280.8,42.12,238.68,47.74,286.42
631,67.34,11,5.0,740.74,37.04,703.7,140.74,844.44
632,68.28,5,15.0,341.4,51.21,290.19,58.04,348.23
633,68.08,13,0.0,885.04,0.0,885.04,177.01,1062.05
634,97.87,5,20.0,489.35,97.87,391.48,78.3,469.78
635,93.89,13,15.0,1220.57,183.09,1037.48,207.5,1244.98
636,20.16,5,10.0,100.8,10.08,90.72,18.14,108.86
637,6.58,3,0.0,19.74,0.0,19.74,3.95,23.69
638,12.51,14,0.0,175.14,0.0,175.14,35.03,210.17
639,25.26,3,10.0,75.78,7.58,68.2,13.64,81.84
640,18.05,1,0.0,18.05,0.0,18.05,3.61,21.66
641,32.93,12,0.0,395.16,0.0,395.16,79.03,474.19
642,31.33,9,0.0,281.97,0.0,281.97,56.39,338.36
643,21.88,7,0.0,153.16,0.0,153.16,30.63,183.79
644,25.4,2,20.0,50.8,10.16,40.64,8.13,48.77
645,70.19,12,0.0,842.28,0.0,842.28,168.46,1010.74
646,68.31,5,5.0,341.55,17.08,324.47,64.89,389.37
647,39.95,18,15.0,719.1,107.86,611.24,122.25,733.48
648,55.21,18,0.0,993.78,0.0,993.78,198.76,1192.54
649,50.16,10,20.0,501.6,100.32,401.28,80.26,481.54
650,5.89,8,15.0,47.12,7.07,40.05,8.01,48.06
651,54.31,3,20.0,162.93,32.59,130.34,26.07,156.41
652,58.69,10,15.0,586.9,88.03,498.87,99.77,598.64
653,23.33,6,10.0,139.98,14.0,125.98,25.2,151.18
654,91.19,3,20.0,273.57,54.71,218.86,43.77,262.63
655,77.3,18,15.0,1391.4,208.71,1182.69,236.54,1419.23
656,59.94,13,15.0,779.22,116.88,662.34,132.47,794.8
657,63.84,14,15.0,893.76,134.06,759.7,151.94,911.64
658,51.79,9,5.0,466.11,23.31,442.8,88.56,531.37
659,12.69,8,20.0,101.52,20.3,81.22,16.24,97.46
660,32.0,13,15.0,416.0,62.4,353.6,70.72,424.32
661,47.83,13,15.0,621.79,93.27,528.52,105.7,634.23
662,51.87,8,0.0,414.96,0.0,414.96,82.99,497.95
663,62.77,2,0.0,125.54,0.0,125.54,25.11,150.65
664,82.9,17,0.0,1409.3,0.0,1409.3,281.86,1691.16
665,21.33,1,0.0,21.33,0.0,21.33,4.27,25.6
666,55.34,7,20.0,387.38,77.48,309.9,61.98,371.88
667,25.8,6,5.0,154.8,7.74,147.06,29.41,176.47
668,72.03,8,10.0,576.24,57.62,518.62,103.72,622.34
669,54.64,5,5.0,273.2,13.66,259.54,51.91,311.45
670,6.16,9,15.0,55.44,8.32,47.12,9.42,56.55
671,45.67,13,10.0,593.71,59.37,534.34,106.87,641.21
672,32.21,9,20.0,289.89,57.98,231.91,46.38,278.29
673,90.68,15,10.0,1360.2,136.02,1224.18,244.84,1469.02
674,14.84,15,15.0,222.6,33.39,189.21,37.84,227.05
675,89.05,8,5.0,712.4,35.62,676.78,135.36,812.14
676,87.57,2,20.0,175.14,35.03,140.11,28.02,168.13
677,79.02,16,0.0,1264.32,0.0,1264.32,252.86,1517.18
678,14.55,14,10.0,203.7,20.37,183.33,36.67,220.0
679,57.6,20,20.0,1152.0,230.4,921.6,184.32,1105.92
680,67.11,20,15.0,1342.2,201.33,1140.87,228.17,1369.04
681,72.68,17,20.0,1235.56,247.11,988.45,197.69,1186.14
682,36.84,3,20.0,110.52,22.1,88.42,17.68,106.1
683,28.8,15,10.0,432.0,43.2,388.8,77.76,466.56
684,81.28,1,5.0,81.28,4.06,77.22,15.44,92.66
685,25.01,11,15.0,275.11,41.27,233.84,46.77,280.61
686,75.23,18,0.0,1354.14,0.0,1354.14,270.83,1624.97
687,80.28,4,10.0,321.12,32.11,289.01,57.8,346.81
688,93.08,14,5.0,1303.12,65.16,1237.96,247.59,1485.56
689,35.65,5,15.0,178.25,26.74,151.51,30.3,181.81
690,7.23,15,5.0,108.45,5.42,103.03,20.61,123.63
691,61.99,3,10.0,185.97,18.6,167.37,33.47,200.85
692,87.45,6,5.0,524.7,26.24,498.47,99.69,598.16
693,9.51,14,10.0,133.14,13.31,119.83,23.97,143.79
694,16.98,18,20.0,305.64,61.13,244.51,48.9,293.41
695,71.53,13,20.0,929.89,185.98,743.91,148.78,892.69
696,90.87,12,0.0,1090.44,0.0,1090.44,218.09,1308.53
697,78.23,6,0.0,469.38,0.0,469.38,93.88,563.26
698,30.21,15,10.0,453.15,45.32,407.84,81.57,489.4
699,25.06,14,10.0,350.84,35.08,315.76,63.15,378.91
700,54.48,14,15.0,762.72,114.41,648.31,129.66,777.97
701,76.24,10,20.0,762.4,152.48,609.92,121.98,731.9
702,60.7,9,20.0,546.3,109.26,437.04,87.41,524.45
703,44.98,19,5.0,854.62,42.73,811.89,162.38,974.27
704,99.24,9,5.0,893.16,44.66,848.5,169.7,1018.2
705,20.01,18,0.0,360.18,0.0,360.18,72.04,432.22
706,36.96,20,20.0,739.2,147.84,591.36,118.27,709.63
707,31.25,6,15.0,187.5,28.12,159.38,31.88,191.25
708,40.81,19,10.0,775.39,77.54,697.85,139.57,837.42
709,43.21,5,5.0,216.05,10.8,205.25,41.05,246.3
710,11.74,14,20.0,164.36,32.87,131.49,26.3,157.79
711,49.28,12,10.0,591.36,59.14,532.22,106.44,638.67
712,40.23,7,5.0,281.61,14.08,267.53,53.51,321.04
713,10.13,2,5.0,20.26,1.01,19.25,3.85,23.1
714,29.19,13,10.0,379.47,37.95,341.52,68.3,409.83
715,33.42,17,20.0,568.14,113.63,454.51,90.9,545.41
716,63.7,19,5.0,1210.3,60.52,1149.78,229.96,1379.74
717,70.57,15,0.0,1058.55,0.0,1058.55,211.71,1270.26
718,87.98,18,20.0,1583.64,316.73,1266.91,253.38,1520.29
719,95.71,10,10.0,957.1,95.71,861.39,172.28,1033.67
720,72.45,8,20.0,579.6,115.92,463.68,92.74,556.42
721,36.42,15,5.0,546.3,27.32,518.99,103.8,622.78
722,81.56,16,0.0,1304.96,0.0,1304.96,260.99,1565.95
723,43.25,16,20.0,692.0,138.4,553.6,110.72,664.32
724,71.95,18,10.0,1295.1,129.51,1165.59,233.12,1398.71
725,13.1,9,20.0,117.9,23.58,94.32,18.86,113.18
726,84.13,13,20.0,1093.69,218.74,874.95,174.99,1049.94
727,98.19,7,0.0,687.33,0.0,687.33,137.47,824.8
728,66.31,15,20.0,994.65,198.93,795.72,159.14,954.86
729,75.49,18,5.0,1358.82,67.94,1290.88,258.18,1549.05
730,29.26,6,0.0,175.56,0.0,175.56,35.11,210.67
731,87.5,20,5.0,1750.0,87.5,1662.5,332.5,1995.0
732,99.6,7,0.0,697.2,0.0,697.2,139.44,836.64
733,10.2,19,5.0,193.8,9.69,184.11,36.82,220.93
734,51.21,10,10.0,512.1,51.21,460.89,92.18,553.07
735,63.38,13,10.0,823.94,82.39,741.55,148.31,889.86
736,48.62,8,10.0,388.96,38.9,350.06,70.01,420.08
737,68.95,2,15.0,137.9,20.68,117.22,23.44,140.66
738,8.29,9,20.0,74.61,14.92,59.69,11.94,71.63
739,46.8,13,0.0,608.4,0.0,608.4,121.68,730.08
740,70.27,6,15.0,421.62,63.24,358.38,71.68,430.05
741,47.51,11,5.0,522.61,26.13,496.48,99.3,595.78
742,55.71,5,5.0,278.55,13.93,264.62,52.92,317.55
743,85.88,11,5.0,944.68,47.23,897.45,179.49,1076.94
744,19.99,6,20.0,119.94,23.99,95.95,19.19,115.14
745,86.36,8,5.0,690.88,34.54,656.34,131.27,787.6
746,69.7,5,20.0,348.5,69.7,278.8,55.76,334.56
747,56.17,6,5.0,337.02,16.85,320.17,64.03,384.2
748,54.58,1,15.0,54.58,8.19,46.39,9.28,55.67
749,89.3,14,20.0,1250.2,250.04,1000.16,200.03,1200.19
750,25.67,6,5.0,154.02,7.7,146.32,29.26,175.58
751,17.62,3,15.0,52.86,7.93,44.93,8.99,53.92
752,95.68,10,10.0,956.8,95.68,861.12,172.22,1033.34
753,44.98,13,15.0,584.74,87.71,497.03,99.41,596.43
754,39.91,3,5.0,119.73,5.99,113.74,22.75,136.49
755,89.44,16,15.0,1431.04,214.66,1216.38,243.28,1459.66
756,56.91,10,0.0,569.1,0.0,569.1,113.82,682.92
757,65.79,13,5.0,855.27,42.76,812.51,162.5,975.01
758,99.71,16,5.0,1595.36,79.77,1515.59,303.12,1818.71
759,44.17,2,0.0,88.34,0.0,88.34,17.67,106.01
760,18.89,17,15.0,321.13,48.17,272.96,54.59,327.55
761,97.78,3,15.0,293.34,44.0,249.34,49.87,299.21
762,92.58,11,15.0,1018.38,152.76,865.62,173.12,1038.75
763,39.1,18,5.0,703.8,35.19,668.61,133.72,802.33
764,21.86,9,0.0,196.74,0.0,196.74,39.35,236.09
765,71.3,13,5.0,926.9,46.34,880.55,176.11,1056.67
766,11.11,18,20.0,199.98,40.0,159.98,32.0,191.98
767,88.81,8,5.0,710.48,35.52,674.96,134.99,809.95
768,66.08,15,5.0,991.2,49.56,941.64,188.33,1129.97
769,96.16,5,15.0,480.8,72.12,408.68,81.74,490.42
770,19.57,19,10.0,371.83,37.18,334.65,66.93,401.58
771,72.21,1,15.0,72.21,10.83,61.38,12.28,73.65
772,66.05,7,0.0,462.35,0.0,462.35,92.47,554.82
773,9.26,18,15.0,166.68,25.0,141.68,28.34,170.01
774,32.86,3,20.0,98.58,19.72,78.86,15.77,94.64
775,71.3,13,20.0,926.9,185.38,741.52,148.3,889.82
776,11.71,2,0.0,23.42,0.0,23.42,4.68,28.1
777,55.85,15,5.0,837.75,41.89,795.86,159.17,955.03
778,7.95,7,10.0,55.65,5.57,50.09,10.02,60.1
779,19.02,2,10.0,38.04,3.8,34.24,6.85,41.08
780,69.89,15,10.0,1048.35,104.83,943.51,188.7,1132.22
781,25.78,12,15.0,309.36,46.4,262.96,52.59,315.55
782,82.19,12,20.0,986.28,197.26,789.02,157.8,946.83
783,11.02,13,20.0,143.26,28.65,114.61,22.92,137.53
784,30.72,4,0.0,122.88,0.0,122.88,24.58,147.46
785,42.98,19,20.0,816.62,163.32,653.3,130.66,783.96
786,33.96,2,5.0,67.92,3.4,64.52,12.9,77.43
787,37.33,1,0.0,37.33,0.0,37.33,7.47,44.8
788,23.59,18,5.0,424.62,21.23,403.39,80.68,484.07
789,23.7,10,15.0,237.0,35.55,201.45,40.29,241.74
790,73.46,17,5.0,1248.82,62.44,1186.38,237.28,1423.65
791,46.74,8,20.0,373.92,74.78,299.14,59.83,358.96
792,93.67,2,10.0,187.34,18.73,168.61,33.72,202.33
793,79.57,19,0.0,1511.83,0.0,1511.83,302.37,1814.2
794,50.23,1,5.0,50.23,2.51,47.72,9.54,57.26
795,67.71,4,10.0,270.84,27.08,243.76,48.75,292.51
796,52.17,4,5.0,208.68,10.43,198.25,39.65,237.9
797,73.28,1,0.0,73.28,0.0,73.28,14.66,87.94
798,95.72,16,0.0,1531.52,0.0,1531.52,306.3,1837.82
799,40.02,20,15.0,800.4,120.06,680.34,136.07,816.41
800,97.69,4,10.0,390.76,39.08,351.68,70.34,422.02
801,41.08,10,5.0,410.8,20.54,390.26,78.05,468.31
802,23.37,20,0.0,467.4,0.0,467.4,93.48,560.88
803,78.63,11,10.0,864.93,86.49,778.44,155.69,934.12
804,78.1,17,10.0,1327.7,132.77,1194.93,238.99,1433.92
805,63.1,13,5.0,820.3,41.02,779.29,155.86,935.14
806,81.98,11,5.0,901.78,45.09,856.69,171.34,1028.03
807,38.91,19,15.0,739.29,110.89,628.4,125.68,754.08
808,36.56,11,0.0,402.16,0.0,402.16,80.43,482.59
809,43.74,8,15.0,349.92,52.49,297.43,59.49,356.92
810,84.27,18,10.0,1516.86,151.69,1365.17,273.03,1638.21
811,49.36,4,0.0,197.44,0.0,197.44,39.49,236.93
812,40.39,8,10.0,323.12,32.31,290.81,58.16,348.97
813,15.6,18,15.0,280.8,42.12,238.68,47.74,286.42
814,60.94,6,10.0,365.64,36.56,329.08,65.82,394.89
815,35.89,8,20.0,287.12,57.42,229.7,45.94,275.64
816,56.62,13,5.0,736.06,36.8,699.26,139.85,839.11
817,15.25,1,0.0,15.25,0.0,15.25,3.05,18.3
818,76.05,14,0.0,1064.7,0.0,1064.7,212.94,1277.64
819,93.21,10,10.0,932.1,93.21,838.89,167.78,1006.67
820,52.71,3,5.0,158.13,7.91,150.22,30.04,180.27
821,31.57,17,5.0,536.69,26.83,509.86,101.97,611.83
822,31.73,3,5.0,95.19,4.76,90.43,18.09,108.52
823,81.6,16,10.0,1305.6,130.56,1175.04,235.01,1410.05
824,46.83,3,20.0,140.49,28.1,112.39,22.48,134.87
825,7.45,2,5.0,14.9,0.75,14.16,2.83,16.99
826,78.85,6,15.0,473.1,70.96,402.13,80.43,482.56
827,20.32,19,20.0,386.08,77.22,308.86,61.77,370.64
828,20.71,11,0.0,227.81,0.0,227.81,45.56,273.37
829,75.55,12,0.0,906.6,0.0,906.6,181.32,1087.92
830,10.23,13,0.0,132.99,0.0,132.99,26.6,159.59
831,72.33,14,0.0,1012.62,0.0,1012.62,202.52,1215.14
832,37.68,3,5.0,113.04,5.65,107.39,21.48,128.87
833,14.15,7,10.0,99.05,9.91,89.14,17.83,106.97
834,48.5,1,5.0,48.5,2.43,46.08,9.22,55.29
835,9.71,19,15.0,184.49,27.67,156.82,31.36,188.18
836,79.57,9,15.0,716.13,107.42,608.71,121.74,730.45
837,18.32,9,0.0,164.88,0.0,164.88,32.98,197.86
838,52.32,17,5.0,889.44,44.47,844.97,168.99,1013.96
839,74.89,17,10.0,1273.13,127.31,1145.82,229.16,1374.98
840,45.8,9,15.0,412.2,61.83,350.37,70.07,420.44
841,52.3,3,5.0,156.9,7.84,149.05,29.81,178.87
842,60.62,6,0.0,363.72,0.0,363.72,72.74,436.46
843,41.29,10,20.0,412.9,82.58,330.32,66.06,396.38
844,94.91,1,20.0,94.91,18.98,75.93,15.19,91.11
845,31.29,12,10.0,375.48,37.55,337.93,67.59,405.52
846,16.9,13,5.0,219.7,10.98,208.71,41.74,250.46
847,11.18,7,15.0,78.26,11.74,66.52,13.3,79.83
848,15.89,12,5.0,190.68,9.53,181.15,36.23,217.38
849,89.15,10,5.0,891.5,44.58,846.92,169.38,1016.31
850,20.52,11,0.0,225.72,0.0,225.72,45.14,270.86
851,49.31,17,5.0,838.27,41.91,796.36,159.27,955.63
852,16.12,4,0.0,64.48,0.0,64.48,12.9,77.38
853,84.67,7,10.0,592.69,59.27,533.42,106.68,640.11
854,10.61,2,10.0,21.22,2.12,19.1,3.82,22.92
855,40.01,2,5.0,80.02,4.0,76.02,15.2,91.22
856,28.29,2,5.0,56.58,2.83,53.75,10.75,64.5
857,88.52,14,0.0,1239.28,0.0,1239.28,247.86,1487.14
858,23.89,3,15.0,71.67,10.75,60.92,12.18,73.1
859,55.79,14,10.0,781.06,78.11,702.95,140.59,843.54
860,5.65,12,20.0,67.8,13.56,54.24,10.85,65.09
861,91.84,2,5.0,183.68,9.18,174.5,34.9,209.4
862,23.94,14,5.0,335.16,16.76,318.4,63.68,382.08
863,5.22,16,20.0,83.52,16.7,66.82,13.36,80.18
864,32.65,13,15.0,424.45,63.67,360.78,72.16,432.94
865,45.95,20,0.0,919.0,0.0,919.0,183.8,1102.8
866,27.42,14,0.0,383.88,0.0,383.88,76.78,460.66
867,88.92,7,5.0,622.44,31.12,591.32,118.26,709.58
868,97.4,3,0.0,292.2,0.0,292.2,58.44,350.64
869,56.97,3,0.0,170.91,0.0,170.91,34.18,205.09
870,67.02,8,20.0,536.16,107.23,428.93,85.79,514.71
871,61.38,11,0.0,675.18,0.0,675.18,135.04,810.22
872,27.06,1,0.0,27.06,0.0,27.06,5.41,32.47
873,29.09,16,15.0,465.44,69.82,395.62,79.12,474.75
874,71.18,14,20.0,996.52,199.3,797.22,159.44,956.66
875,95.12,6,15.0,570.72,85.61,485.11,97.02,582.13
876,27.68,18,10.0,498.24,49.82,448.42,89.68,538.1
877,29.94,7,10.0,209.58,20.96,188.62,37.72,226.35
878,71.78,13,20.0,933.14,186.63,746.51,149.3,895.81
879,76.58,17,0.0,1301.86,0.0,1301.86,260.37,1562.23
880,17.09,17,5.0,290.53,14.53,276.0,55.2,331.2
881,46.97,3,0.0,140.91,0.0,140.91,28.18,169.09
882,46.74,10,20.0,467.4,93.48,373.92,74.78,448.7
883,95.48,17,5.0,1623.16,81.16,1542.0,308.4,1850.4
884,50.4,4,10.0,201.6,20.16,181.44,36.29,217.73
885,42.06,10,20.0,420.6,84.12,336.48,67.3,403.78
886,49.9,18,20.0,898.2,179.64,718.56,143.71,862.27
887,22.68,6,20.0,136.08,27.22,108.86,21.77,130.64
888,40.28,12,10.0,483.36,48.34,435.02,87.0,522.03
889,25.19,20,5.0,503.8,25.19,478.61,95.72,574.33
890,50.54,12,10.0,606.48,60.65,545.83,109.17,655.0
891,22.78,16,10.0,364.48,36.45,328.03,65.61,393.64
892,95.21,15,15.0,1428.15,214.22,1213.93,242.79,1456.71
893,28.23,15,20.0,423.45,84.69,338.76,67.75,406.51
894,92.11,6,15.0,552.66,82.9,469.76,93.95,563.71
895,51.12,13,20.0,664.56,132.91,531.65,106.33,637.98
896,35.53,13,5.0,461.89,23.09,438.8,87.76,526.55
897,79.3,14,20.0,1110.2,222.04,888.16,177.63,1065.79
898,54.96,13,5.0,714.48,35.72,678.76,135.75,814.51
899,36.35,2,5.0,72.7,3.64,69.06,13.81,82.88
900,60.25,19,0.0,1144.75,0.0,1144.75,228.95,1373.7
901,7.16,6,5.0,42.96,2.15,40.81,8.16,48.97
902,38.74,9,10.0,348.66,34.87,313.79,62.76,376.55
903,41.44,10,0.0,414.4,0.0,414.4,82.88,497.28
904,10.62,2,5.0,21.24,1.06,20.18,4.04,24.21
905,75.18,20,20.0,1503.6,300.72,1202.88,240.58,1443.46
906,68.09,20,15.0,1361.8,204.27,1157.53,231.51,1389.04
907,63.33,19,15.0,1203.27,180.49,1022.78,204.56,1227.34
908,64.01,9,5.0,576.09,28.8,547.29,109.46,656.74
909,33.41,19,5.0,634.79,31.74,603.05,120.61,723.66
910,59.63,14,0.0,834.82,0.0,834.82,166.96,1001.78
911,14.36,20,15.0,287.2,43.08,244.12,48.82,292.94
912,58.4,17,5.0,992.8,49.64,943.16,188.63,1131.79
913,26.66,13,0.0,346.58,0.0,346.58,69.32,415.9
914,15.7,16,10.0,251.2,25.12,226.08,45.22,271.3
915,75.08,16,10.0,1201.28,120.13,1081.15,216.23,1297.38
916,6.98,8,5.0,55.84,2.79,53.05,10.61,63.66
917,39.77,8,0.0,318.16,0.0,318.16,63.63,381.79
918,86.43,3,0.0,259.29,0.0,259.29,51.86,311.15
919,85.16,8,20.0,681.28,136.26,545.02,109.0,654.03
920,78.26,15,10.0,1173.9,117.39,1056.51,211.3,1267.81
921,56.97,11,5.0,626.67,31.33,595.34,119.07,714.4
922,48.03,12,0.0,576.36,0.0,576.36,115.27,691.63
923,47.34,12,10.0,568.08,56.81,511.27,102.25,613.53
924,82.55,16,5.0,1320.8,66.04,1254.76,250.95,1505.71
925,49.62,9,20.0,446.58,89.32,357.26,71.45,428.72
926,46.82,5,15.0,234.1,35.11,198.99,39.8,238.78
927,5.03,11,20.0,55.33,11.07,44.26,8.85,53.12
928,50.83,8,0.0,406.64,0.0,406.64,81.33,487.97
929,64.18,14,15.0,898.52,134.78,763.74,152.75,916.49
930,68.34,5,0.0,341.7,0.0,341.7,68.34,410.04
931,73.11,3,0.0,219.33,0.0,219.33,43.87,263.2
932,24.7,19,0.0,469.3,0.0,469.3,93.86,563.16
933,6.76,19,15.0,128.44,19.27,109.17,21.83,131.01
934,89.84,12,10.0,1078.08,107.81,970.27,194.05,1164.33
935,84.48,15,20.0,1267.2,253.44,1013.76,202.75,1216.51
936,5.13,15,20.0,76.95,15.39,61.56,12.31,73.87
937,32.83,3,10.0,98.49,9.85,88.64,17.73,106.37
938,26.8,15,20.0,402.0,80.4,321.6,64.32,385.92
939,90.98,3,15.0,272.94,40.94,232.0,46.4,278.4
940,78.66,20,0.0,1573.2,0.0,1573.2,314.64,1887.84
941,73.77,8,5.0,590.16,29.51,560.65,112.13,672.78
942,52.17,14,15.0,730.38,109.56,620.82,124.16,744.99
943,16.49,5,15.0,82.45,12.37,70.08,14.02,84.1
944,13.21,17,20.0,224.57,44.91,179.66,35.93,215.59
945,43.32,7,15.0,303.24,45.49,257.75,51.55,309.3
946,83.25,12,20.0,999.0,199.8,799.2,159.84,959.04
947,87.91,13,10.0,1142.83,114.28,1028.55,205.71,1234.26
948,89.92,17,0.0,1528.64,0.0,1528.64,305.73,1834.37
949,40.56,14,10.0,567.84,56.78,511.06,102.21,613.27
950,31.09,2,5.0,62.18,3.11,59.07,11.81,70.89
951,44.17,10,10.0,441.7,44.17,397.53,79.51,477.04
952,81.18,20,0.0,1623.6,0.0,1623.6,324.72,1948.32
953,81.91,3,20.0,245.73,49.15,196.58,39.32,235.9
954,48.22,13,5.0,626.86,31.34,595.52,119.1,714.62
955,12.35,16,5.0,197.6,9.88,187.72,37.54,225.26
956,64.54,10,10.0,645.4,64.54,580.86,116.17,697.03
957,51.81,9,5.0,466.29,23.31,442.98,88.6,531.57
958,38.18,13,15.0,496.34,74.45,421.89,84.38,506.27
959,84.07,7,15.0,588.49,88.27,500.22,100.04,600.26
960,51.55,18,5.0,927.9,46.4,881.5,176.3,1057.81
961,28.9,20,15.0,578.0,86.7,491.3,98.26,589.56
962,57.51,2,20.0,115.02,23.0,92.02,18.4,110.42
963,30.98,1,5.0,30.98,1.55,29.43,5.89,35.32
964,59.34,12,0.0,712.08,0.0,712.08,142.42,854.5
965,47.3,1,15.0,47.3,7.09,40.2,8.04,48.25
966,60.88,9,15.0,547.92,82.19,465.73,93.15,558.88
967,85.15,17,10.0,1447.55,144.76,1302.8,260.56,1563.35
968,90.74,9,10.0,816.66,81.67,734.99,147.0,881.99
969,42.16,16,5.0,674.56,33.73,640.83,128.17,769.0
970,97.5,3,15.0,292.5,43.88,248.62,49.73,298.35
971,25.49,5,0.0,127.45,0.0,127.45,25.49,152.94
972,63.13,5,20.0,315.65,63.13,252.52,50.5,303.02
973,78.7,13,10.0,1023.1,102.31,920.79,184.16,1104.95
974,8.64,20,0.0,172.8,0.0,172.8,34.56,207.36
975,11.29,2,20.0,22.58,4.52,18.06,3.61,21.68
976,99.24,19,5.0,1885.56,94.28,1791.28,358.26,2149.54
977,50.12,18,0.0,902.16,0.0,902.16,180.43,1082.59
978,29.21,8,5.0,233.68,11.68,222.0,44.4,266.4
979,14.8,12,20.0,177.6,35.52,142.08,28.42,170.5
980,81.77,6,15.0,490.62,73.59,417.03,83.41,500.43
981,58.0,13,10.0,754.0,75.4,678.6,135.72,814.32
982,85.1,17,15.0,1446.7,217.0,1229.69,245.94,1475.63
983,7.1,4,5.0,28.4,1.42,26.98,5.4,32.38
984,65.49,5,5.0,327.45,16.37,311.08,62.22,373.29
985,60.72,15,0.0,910.8,0.0,910.8,182.16,1092.96
986,95.95,10,0.0,959.5,0.0,959.5,191.9,1151.4
987,85.97,19,15.0,1633.43,245.01,1388.42,277.68,1666.1
988,36.75,6,10.0,220.5,22.05,198.45,39.69,238.14
989,88.5,17,15.0,1504.5,225.67,1278.83,255.77,1534.59
990,24.06,7,20.0,168.42,33.68,134.74,26.95,161.68
991,72.03,16,20.0,1152.48,230.5,921.98,184.4,1106.38
992,70.76,2,0.0,141.52,0.0,141.52,28.3,169.82
993,64.67,5,15.0,323.35,48.5,274.85,54.97,329.82
994,6.52,16,5.0,104.32,5.22,99.1,19.82,118.92
995,95.43,15,0.0,1431.45,0.0,1431.45,286.29,1717.74
996,14.64,1,5.0,14.64,0.73,13.91,2.78,16.69
997,68.74,10,10.0,687.4,68.74,618.66,123.73,742.39
998,51.22,20,15.0,1024.4,153.66,870.74,174.15,1044.89
999,88.14,4,0.0,352.56,0.0,352.56,70.51,423.07
1000,43.13,15,15.0,646.95,97.04,549.91,109.98,659.89
1001,17.47,19,0.0,331.93,0.0,331.93,66.39,398.32
1002,28.13,1,10.0,28.13,2.81,25.32,5.06,30.38
1003,47.16,8,20.0,377.28,75.46,301.82,60.36,362.19
1004,84.93,14,0.0,1189.02,0.0,1189.02,237.8,1426.82
1005,73.24,9,20.0,659.16,131.83,527.33,105.47,632.79
1006,59.17,20,20.0,1183.4,236.68,946.72,189.34,1136.06
1007,8.15,9,15.0,73.35,11.0,62.35,12.47,74.82
1008,72.5,13,10.0,942.5,94.25,848.25,169.65,1017.9
1009,47.97,14,20.0,671.58,134.32,537.26,107.45,644.72
1010,78.97,13,0.0,1026.61,0.0,1026.61,205.32,1231.93
1011,78.01,9,5.0,702.09,35.1,666.99,133.4,800.38
1012,49.76,14,5.0,696.64,34.83,661.81,132.36,794.17
1013,92.34,7,0.0,646.38,0.0,646.38,129.28,775.66
1014,58.98,16,0.0,943.68,0.0,943.68,188.74,1132.42
1015,22.13,6,0.0,132.78,0.0,132.78,26.56,159.34
1016,24.5,17,15.0,416.5,62.47,354.02,70.8,424.83
1017,12.94,3,15.0,38.82,5.82,33.0,6.6,39.6
1018,19.72,18,10.0,354.96,35.5,319.46,63.89,383.36
1019,54.79,13,20.0,712.27,142.45,569.82,113.96,683.78
1020,56.82,11,5.0,625.02,31.25,593.77,118.75,712.52
1021,35.59,16,15.0,569.44,85.42,484.02,96.8,580.83
1022,16.51,14,0.0,231.14,0.0,231.14,46.23,277.37
1023,63.97,2,10.0,127.94,12.79,115.15,23.03,138.18
1024,44.29,7,15.0,310.03,46.5,263.53,52.71,316.23
1025,82.22,17,0.0,1397.74,0.0,1397.74,279.55,1677.29
1026,69.89,4,20.0,279.56,55.91,223.65,44.73,268.38
1027,45.34,12,10.0,544.08,54.41,489.67,97.93,587.61
1028,26.89,7,10.0,188.23,18.82,169.41,33.88,203.29
1029,31.22,20,10.0,624.4,62.44,561.96,112.39,674.35
1030,19.72,14,0.0,276.08,0.0,276.08,55.22,331.3
1031,25.58,13,20.0,332.54,66.51,266.03,53.21,319.24
1032,85.01,15,15.0,1275.15,191.27,1083.88,216.78,1300.65
1033,79.42,3,20.0,238.26,47.65,190.61,38.12,228.73
1034,71.17,18,15.0,1281.06,192.16,1088.9,217.78,1306.68
1035,42.94,6,0.0,257.64,0.0,257.64,51.53,309.17
1036,97.26,10,5.0,972.6,48.63,923.97,184.79,1108.76
1037,88.39,18,20.0,1591.02,318.2,1272.82,254.56,1527.38
1038,60.66,10,0.0,606.6,0.0,606.6,121.32,727.92
1039,71.62,12,0.0,859.44,0.0,859.44,171.89,1031.33
1040,89.42,16,5.0,1430.72,71.54,1359.18,271.84,1631.02
1041,47.77,16,0.0,764.32,0.0,764.32,152.86,917.18
1042,7.36,20,0.0,147.2,0.0,147.2,29.44,176.64
1043,37.05,3,20.0,111.15,22.23,88.92,17.78,106.7
1044,23.54,15,10.0,353.1,35.31,317.79,63.56,381.35
1045,60.26,18,5.0,1084.68,54.23,1030.45,206.09,1236.54
1046,5.29,16,5.0,84.64,4.23,80.41,16.08,96.49
1047,26.48,17,5.0,450.16,22.51,427.65,85.53,513.18
1048,75.23,8,15.0,601.84,90.28,511.56,102.31,613.88
1049,48.1,19,10.0,913.9,91.39,822.51,164.5,987.01
1050,18.11,19,0.0,344.09,0.0,344.09,68.82,412.91
1051,83.11,13,0.0,1080.43,0.0,1080.43,216.09,1296.52
1052,55.94,2,15.0,111.88,16.78,95.1,19.02,114.12
1053,87.68,7,5.0,613.76,30.69,583.07,116.61,699.69
1054,88.92,11,10.0,978.12,97.81,880.31,176.06,1056.37
1055,36.89,13,0.0,479.57,0.0,479.57,95.91,575.48
1056,19.92,13,5.0,258.96,12.95,246.01,49.2,295.21
1057,81.6,12,10.0,979.2,97.92,881.28,176.26,1057.54
1058,76.05,15,0.0,1140.75,0.0,1140.75,228.15,1368.9
1059,39.67,3,20.0,119.01,23.8,95.21,19.04,114.25
1060,66.99,9,10.0,602.91,60.29,542.62,108.52,651.14
1061,32.78,19,5.0,622.82,31.14,591.68,118.34,710.01
1062,14.92,7,10.0,104.44,10.44,94.0,18.8,112.8
1063,91.7,13,10.0,1192.1,119.21,1072.89,214.58,1287.47
1064,16.85,12,20.0,202.2,40.44,161.76,32.35,194.11
1065,6.7,13,20.0,87.1,17.42,69.68,13.94,83.62
1066,28.56,17,5.0,485.52,24.28,461.24,92.25,553.49
1067,72.36,6,20.0,434.16,86.83,347.33,69.47,416.79
1068,99.02,4,15.0,396.08,59.41,336.67,67.33,404.0
1069,30.03,15,15.0,450.45,67.57,382.88,76.58,459.46
1070,16.57,2,10.0,33.14,3.31,29.83,5.97,35.79
1071,91.49,10,15.0,914.9,137.23,777.66,155.53,933.2
1072,96.74,8,0.0,773.92,0.0,773.92,154.78,928.7
1073,69.62,13,10.0,905.06,90.51,814.55,162.91,977.46
1074,32.89,3,20.0,98.67,19.73,78.94,15.79,94.72
1075,15.04,9,0.0,135.36,0.0,135.36,27.07,162.43
1076,90.81,20,20.0,1816.2,363.24,1452.96,290.59,1743.55
1077,41.3,16,0.0,660.8,0.0,660.8,132.16,792.96
1078,34.87,15,5.0,523.05,26.15,496.9,99.38,596.28
1079,29.09,14,0.0,407.26,0.0,407.26,81.45,488.71
1080,68.83,17,5.0,1170.11,58.51,1111.6,222.32,1333.93
1081,11.58,6,20.0,69.48,13.9,55.58,11.12,66.7
1082,19.31,3,15.0,57.93,8.69,49.24,9.85,59.09
1083,73.66,20,10.0,1473.2,147.32,1325.88,265.18,1591.06
1084,64.93,2,5.0,129.86,6.49,123.37,24.67,148.04
1085,71.47,17,0.0,1214.99,0.0,1214.99,243.0,1457.99
1086,72.22,2,0.0,144.44,0.0,144.44,28.89,173.33
1087,65.16,19,10.0,1238.04,123.8,1114.24,222.85,1337.08
1088,29.0,4,20.0,116.0,23.2,92.8,18.56,111.36
1089,85.36,18,0.0,1536.48,0.0,1536.48,307.3,1843.78
1090,14.62,18,20.0,263.16,52.63,210.53,42.11,252.63
1091,76.12,5,5.0,380.6,19.03,361.57,72.31,433.88
1092,55.51,20,20.0,1110.2,222.04,888.16,177.63,1065.79
1093,42.9,1,5.0,42.9,2.15,40.75,8.15,48.91
1094,22.82,18,15.0,410.76,61.61,349.15,69.83,418.98
1095,36.9,1,10.0,36.9,3.69,33.21,6.64,39.85
1096,62.58,7,0.0,438.06,0.0,438.06,87.61,525.67
1097,10.8,16,10.0,172.8,17.28,155.52,31.1,186.62
1098,95.68,4,15.0,382.72,57.41,325.31,65.06,390.37
1099,46.97,11,15.0,516.67,77.5,439.17,87.83,527.0
1100,10.89,14,10.0,152.46,15.25,137.21,27.44,164.66
